insert into USERS values(10000000, '$5$rounds=535000$xXx2pudiI1cz28f5$6WJdng90vueTDjmKynfTlNEwKBF..z.gc5KGKQDupq8')
insert into MANAGER values (10000000, 'manager1', 201000000000)
insert into USERS values(10000001, '$5$rounds=535000$3H6o1lvKKqfAFxQj$R5MBFi0u7FHVah6Is61En5k3ukcWMiTQnl1UNq8fUl6')
insert into MANAGER values (10000001, 'manager2', 201000000000)
insert into USERS values(10000002, '$5$rounds=535000$uVOJPOVqwgYHNk71$Cm36HyzPUsBpNo/V3TjOzhvGTsCoQaMURsXAnq7TCl7')
insert into STUDENT values (10000002, 'student0', 201000000000, 0, 0)
insert into USERS values(10000003, '$5$rounds=535000$hO71FmeN.dKPRAs0$G62F4REMlql9WRQzoyw98mF2AXcQl/bcFkRpSH8cdO/')
insert into TECHNICIAN values (10000003, 'tech0', 201000000000, 0)
insert into USERS values(10000004, '$5$rounds=535000$brmYyWRHk3bJMg7M$4LqRqc99Pc1.sgLRjRX4cCVtSvClKbQH6JA5OMS.WP5')
insert into STUDENT values (10000004, 'student1', 201000000000, 0, 0)
insert into USERS values(10000005, '$5$rounds=535000$CljTDpZTsPfb/kO.$5wsgBFA6qOpfvQsRbi/QWgQdjy77pjZvp8AGJ.14fUD')
insert into TECHNICIAN values (10000005, 'tech1', 201000000000, 0)
insert into USERS values(10000006, '$5$rounds=535000$wSVVHJVBqUzE.gXj$boPoyzlbn06x2psql3W/Kn3VSByLrvSoGbwYc/Lhi11')
insert into STUDENT values (10000006, 'student2', 201000000000, 0, 0)
insert into USERS values(10000007, '$5$rounds=535000$URGuRyo.wjSmumUt$wpsXn9tbutXAhGeKSE.C9vUMX2pTZOAr.zW8cxkhtU6')
insert into TECHNICIAN values (10000007, 'tech2', 201000000000, 0)
insert into USERS values(10000008, '$5$rounds=535000$3fKQldf8QMwX.0GJ$zHDy3ALRq5l90RZmJ53OE9aIt/fSQrjBsxuN205H4P9')
insert into STUDENT values (10000008, 'student3', 201000000000, 0, 0)
insert into USERS values(10000009, '$5$rounds=535000$3lGWsIMsHDLICwND$/5JkgkW5Br2QAMbKMx3lGg.ZYbKP7Ipza0Axg26sJxB')
insert into TECHNICIAN values (10000009, 'tech3', 201000000000, 0)
insert into USERS values(10000010, '$5$rounds=535000$SI//aO4/F.zL4POK$YYkv6n/pc3ZvDZp6P0eUkcLz.2IluA/xgnTnE7czkF5')
insert into STUDENT values (10000010, 'student4', 201000000000, 0, 0)
insert into USERS values(10000011, '$5$rounds=535000$0NAr1KJQ69xpQVLJ$0MRuUoh.gS.Ycvy2S91ASSx42NLFM5feJEe22.A8BZ9')
insert into TECHNICIAN values (10000011, 'tech4', 201000000000, 0)
insert into USERS values(10000012, '$5$rounds=535000$Y7lkuhpccp/uFX.V$QKr3ikcDrsUYfu3EG6CXRFw07IYfavxm1ksGGlWqKZ0')
insert into STUDENT values (10000012, 'student5', 201000000000, 0, 0)
insert into USERS values(10000013, '$5$rounds=535000$qM9U9LCqYOSDuj25$HzfXOKHeHCKTf/PTmChZe7X6AL2XrbwUDbpNktlel21')
insert into TECHNICIAN values (10000013, 'tech5', 201000000000, 0)
insert into USERS values(10000014, '$5$rounds=535000$tit2WrWUybGtcz.t$Re4HifkSbK8pbQiJzpoWxSULQvuTzNnAWmZ6f2wa161')
insert into STUDENT values (10000014, 'student6', 201000000000, 0, 0)
insert into USERS values(10000015, '$5$rounds=535000$gniCJ.w2X00Rg0JH$LwvCCvO10uZ/ZjMd934zNoO9N1BBk6j5gAR2g0uh0i7')
insert into TECHNICIAN values (10000015, 'tech6', 201000000000, 0)
insert into USERS values(10000016, '$5$rounds=535000$WshF2mzs45qyTAt/$hWvHMqh1VlDEYfRwTXFYRvVSQdVCQhxte0KYLRDLJr0')
insert into STUDENT values (10000016, 'student7', 201000000000, 0, 0)
insert into USERS values(10000017, '$5$rounds=535000$f//oCVuxpfhIjIYb$ZU03Ji6MSpq7ENJVxXEPDxW7Hr8QPl0wDQD3I0/eVz/')
insert into TECHNICIAN values (10000017, 'tech7', 201000000000, 0)
insert into USERS values(10000018, '$5$rounds=535000$L0NWFrbWIOl1ch5O$SfImEjOAo20JT04HEPUKVoLYqNvt0PmeZAJOeoLgin7')
insert into STUDENT values (10000018, 'student8', 201000000000, 0, 0)
insert into USERS values(10000019, '$5$rounds=535000$JIyDXa6MH3ZW9qMd$uO2J6.8LzQaj5yNUGulYkn.HRmFqA9nFBSscHVEmsE8')
insert into TECHNICIAN values (10000019, 'tech8', 201000000000, 0)
insert into USERS values(10000020, '$5$rounds=535000$QybchwydqRwvPj2v$SXT/GFAjHlnk9SDM7ZDSqjzPaiJO6xOqX3y87pxeez/')
insert into STUDENT values (10000020, 'student9', 201000000000, 0, 0)
insert into USERS values(10000021, '$5$rounds=535000$t0PINqAZCOk1FEN2$pRudj7LzpL8znETvidv.TgJAskiLZwMUgI24A.I0ia0')
insert into TECHNICIAN values (10000021, 'tech9', 201000000000, 0)
insert into USERS values(10000022, '$5$rounds=535000$XaIdKhsDxp.HaM3/$6Ky7uCTrY9jWjtyBIg5bxcpit4LveGYL2mh96WPTGd7')
insert into STUDENT values (10000022, 'student10', 201000000000, 0, 0)
insert into USERS values(10000023, '$5$rounds=535000$lVTfb8HfsxQEXyG7$W7zk83iwQOfOJuyfHtVBjuoPYPiOj8zC.wQ5WyK/Iv7')
insert into TECHNICIAN values (10000023, 'tech10', 201000000000, 0)
insert into USERS values(10000024, '$5$rounds=535000$/vlYxC5YIyHv6.MA$/ucgY7rX0Q46C.iuyJ6uG9ZfYptQKKAd6LsUXAiF5j.')
insert into STUDENT values (10000024, 'student11', 201000000000, 0, 0)
insert into USERS values(10000025, '$5$rounds=535000$GNaRI/3ejnVstTOE$x61wYYNL9uRpCHVbewZguQ0kPdOWMIS5hgO6PyCbkL/')
insert into TECHNICIAN values (10000025, 'tech11', 201000000000, 0)
insert into USERS values(10000026, '$5$rounds=535000$KzTD8bwOEOKRGKgx$Njnwu3OeJFXw/JrL9A3ONhhWi7AJ29VNUy5IA1.jDn7')
insert into STUDENT values (10000026, 'student12', 201000000000, 0, 0)
insert into USERS values(10000027, '$5$rounds=535000$WlT61nD5IjcEBhA5$WawWhzS0UTDfTDycRpxHdkY4StYcnDQTquV64b3CtP2')
insert into TECHNICIAN values (10000027, 'tech12', 201000000000, 0)
insert into USERS values(10000028, '$5$rounds=535000$BgOwVLEUsVq6IKUD$kZYizbvAYBzxWBuKHqj52PgAeLkCRaPdR.SGmny6PQ/')
insert into STUDENT values (10000028, 'student13', 201000000000, 0, 0)
insert into USERS values(10000029, '$5$rounds=535000$4ykcDu0dAwz5clVM$GiTrRJqExitP8ZauH3DEVM3Jtyhj7nyqWgLPkDcCMM/')
insert into TECHNICIAN values (10000029, 'tech13', 201000000000, 0)
insert into USERS values(10000030, '$5$rounds=535000$2gQQqJiGNId87MF0$gXIiiKyeZpuGYRp.FsMYuYJUeTuXOPDlEz7OU7XRHJ9')
insert into STUDENT values (10000030, 'student14', 201000000000, 0, 0)
insert into USERS values(10000031, '$5$rounds=535000$pftD5OESxJOoWATW$SUc6qJKX1Qhc4vNYsL7fMiEsSVmjxjnhHQdjpVwkFL9')
insert into TECHNICIAN values (10000031, 'tech14', 201000000000, 0)
insert into USERS values(10000032, '$5$rounds=535000$jCuG16IbhmVEYSLz$v.GFWyC1sPsSdQHOEUkfre.nbQiXQ6I18n5ZlXAuvO9')
insert into STUDENT values (10000032, 'student15', 201000000000, 0, 0)
insert into USERS values(10000033, '$5$rounds=535000$hgKgqlOGOxNP5kiq$nrarGoakKWS3SsZyQ4WB4NK13AjGjMyafUMyPG03DI0')
insert into TECHNICIAN values (10000033, 'tech15', 201000000000, 0)
insert into USERS values(10000034, '$5$rounds=535000$nb5J95oPZoe4eJQq$81ntqCILaHQXQOlkhrdXFt.6V.fivawoVSFERBV24yB')
insert into STUDENT values (10000034, 'student16', 201000000000, 0, 0)
insert into USERS values(10000035, '$5$rounds=535000$3lY5ybgFasjOdTnG$ucz0Z1Z9FSJ8PCUVOJMTY8kWdeyP52DMg1VHDry4Ot2')
insert into TECHNICIAN values (10000035, 'tech16', 201000000000, 0)
insert into USERS values(10000036, '$5$rounds=535000$ERy.Yoy.ifaWAJ3f$A7RYvXKE.U09pIpMiEXrCeepRcCHUoTjIhVBMbsHHl3')
insert into STUDENT values (10000036, 'student17', 201000000000, 0, 0)
insert into USERS values(10000037, '$5$rounds=535000$TP6LvY4h0pDHNRls$x0uLGp3bVrBlxmo0M5iimRHQTzPc77vtR28SxBaVou0')
insert into TECHNICIAN values (10000037, 'tech17', 201000000000, 0)
insert into USERS values(10000038, '$5$rounds=535000$rMFtn1QBKXRULxpw$KpIL4IZ7aQKGij93Vfn6vn.1L3N2rmW6fBTxm4wdUM4')
insert into STUDENT values (10000038, 'student18', 201000000000, 0, 0)
insert into USERS values(10000039, '$5$rounds=535000$yn5i0JGkcz0y/05q$kCXudad/9r.QOio6X2DPyryw9.oNlAeoeqscpS8eLg.')
insert into TECHNICIAN values (10000039, 'tech18', 201000000000, 0)
insert into USERS values(10000040, '$5$rounds=535000$m0aTfKM/CdN2SLkV$dOv.mQMOD4noVwYuRko5dDWyVhOgpx3jSMvsogmHO36')
insert into STUDENT values (10000040, 'student19', 201000000000, 0, 0)
insert into USERS values(10000041, '$5$rounds=535000$BLpiTmvd2EGzC7Dd$g9x9lEkYEbxA3f2nIBEe9BHcFa4qL6fHKuoZIXiCtr6')
insert into TECHNICIAN values (10000041, 'tech19', 201000000000, 0)
insert into USERS values(10000042, '$5$rounds=535000$2FUQXTTLU6wc77xL$u0NmW/lkf.vTJ59KM40uqccsEB.84sgvS/DOCteQfIB')
insert into STUDENT values (10000042, 'student20', 201000000000, 0, 0)
insert into USERS values(10000043, '$5$rounds=535000$T.Zzy5DwGlM5lyPy$I5qd3GNzI2g2h85h6MEsmoumt4/NfChGQJwjUW7naB1')
insert into TECHNICIAN values (10000043, 'tech20', 201000000000, 0)
insert into USERS values(10000044, '$5$rounds=535000$BlIz3oSZS6zSVpaZ$OnUdxQUu7VV61KUJJv89dlCqgM4cx5MNtwJDniW5jJ1')
insert into STUDENT values (10000044, 'student21', 201000000000, 0, 0)
insert into USERS values(10000045, '$5$rounds=535000$hiNs604vddzxtmuj$0vV7ypV5JbKAkpKynbbzm8hh9Gx0cDUbyha9SazBg71')
insert into TECHNICIAN values (10000045, 'tech21', 201000000000, 0)
insert into USERS values(10000046, '$5$rounds=535000$p2r99YIUQ4keqPP6$.9zExCpT1MsMUwOIMHdxwIh0VQV8G4N5HX31B78Fmc7')
insert into STUDENT values (10000046, 'student22', 201000000000, 0, 0)
insert into USERS values(10000047, '$5$rounds=535000$.Oaz6hGCu7nq78t9$WlG6Pio2ap333Iy6rUbbmGO.CUeYeeTt2Nnwb5SFXn9')
insert into TECHNICIAN values (10000047, 'tech22', 201000000000, 0)
insert into USERS values(10000048, '$5$rounds=535000$MVKWavy7wqq/i06w$eg5tG5okzOZ9RnXao2rhbOlTOyk2RoJ4BSqsmVtYULC')
insert into STUDENT values (10000048, 'student23', 201000000000, 0, 0)
insert into USERS values(10000049, '$5$rounds=535000$JjzE92IkD97jg5bb$W1DYgTK7DIyte56urPgHZmhe4SRnuGQVNBe3fw.0aK8')
insert into TECHNICIAN values (10000049, 'tech23', 201000000000, 0)
insert into USERS values(10000050, '$5$rounds=535000$Db2pimkNh6jfLWdL$qFUCwX4hVv7K4x/.yJwGZ9l0WoISx7tHAUDf5hqadL/')
insert into STUDENT values (10000050, 'student24', 201000000000, 0, 0)
insert into USERS values(10000051, '$5$rounds=535000$aEbJQt0puOu7Xdy3$297vuix87nttA.jBdmAfC6mpJgU6d7aEQFebU7mLix9')
insert into TECHNICIAN values (10000051, 'tech24', 201000000000, 0)
insert into USERS values(10000052, '$5$rounds=535000$NrhY/YioUpdKKx1P$JnQPiz8ej.mBpjbifO3Yn7tbdDk4F/2hHb6hrRuHFz/')
insert into STUDENT values (10000052, 'student25', 201000000000, 0, 0)
insert into USERS values(10000053, '$5$rounds=535000$RsEtKPGbbI7Tu4.T$DQQGceu72644tPpC6FJ98xgnauOgBxDSae.WLXQnzQ6')
insert into TECHNICIAN values (10000053, 'tech25', 201000000000, 0)
insert into USERS values(10000054, '$5$rounds=535000$SOm0e.lzLkyB8MuQ$b2ctsm3kHN0uZNC2exwVt33cxMYIpMx4FN/qFIHn.T.')
insert into STUDENT values (10000054, 'student26', 201000000000, 0, 0)
insert into USERS values(10000055, '$5$rounds=535000$cfPn.KrlmyzVh3et$/Xro3FjHW2XfKyBJ1F2Dck7MeaT6KQI0tZekEeNQ841')
insert into TECHNICIAN values (10000055, 'tech26', 201000000000, 0)
insert into USERS values(10000056, '$5$rounds=535000$z4Q2D.g1kDKUVewH$HXyjrkziIJcTusDpv9kchMmzGxHhhBerheHAGM6Dqn0')
insert into STUDENT values (10000056, 'student27', 201000000000, 0, 0)
insert into USERS values(10000057, '$5$rounds=535000$qq2tgIERGioLY4/x$8eJEGMVl2jGfB6/QyT6ggWgV/dZu6YdcBvTtidcWFa.')
insert into TECHNICIAN values (10000057, 'tech27', 201000000000, 0)
insert into USERS values(10000058, '$5$rounds=535000$4SpjzVTauyTzFGAs$NIqcUfxreunIS4hJxrIoBwYTuCg.7wLSB/1L6kV0ty/')
insert into STUDENT values (10000058, 'student28', 201000000000, 0, 0)
insert into USERS values(10000059, '$5$rounds=535000$GK3eB46zTDw0ywFZ$cT4hMCGtIZvV51DS4QLKZqxLX6KSpThLksYSuCKq4U6')
insert into TECHNICIAN values (10000059, 'tech28', 201000000000, 0)
insert into USERS values(10000060, '$5$rounds=535000$g9jA2MXAMsbcc8Up$0TvwZaUIteCaox/lUVGpSq.GUs3GbFMr.XhAhYVnyCA')
insert into STUDENT values (10000060, 'student29', 201000000000, 0, 0)
insert into USERS values(10000061, '$5$rounds=535000$Yrx577eEWZZtSNjX$ZDlL77zYB5mODNBn45E/F9jcbImkOxdoT5.NUiuE3K5')
insert into TECHNICIAN values (10000061, 'tech29', 201000000000, 0)
insert into USERS values(10000062, '$5$rounds=535000$t9tjuhxB8/B2W44G$X8jgxSiJ3c1s2GkbnKN1AZuKJKWhEn1yAx2zq99izr6')
insert into STUDENT values (10000062, 'student30', 201000000000, 0, 0)
insert into USERS values(10000063, '$5$rounds=535000$rIV0rLK1QRR2V3NT$kP8gG0L1p2CXY3Y2TzU.wfnU8899mmT3kKm3u2KYO0C')
insert into TECHNICIAN values (10000063, 'tech30', 201000000000, 0)
insert into USERS values(10000064, '$5$rounds=535000$JQ9h29BUZZRXSEGL$tdKZQULxBCJgPJDtzdi22GB8Y/3ywMshEQ2e4ooLHb8')
insert into STUDENT values (10000064, 'student31', 201000000000, 0, 0)
insert into USERS values(10000065, '$5$rounds=535000$zWaJ6VcXjx5sgeZK$VVT2qWiGsMAkB9u8zEyU4XS/eqZzhCiBhhy32bKJcK5')
insert into TECHNICIAN values (10000065, 'tech31', 201000000000, 0)
insert into USERS values(10000066, '$5$rounds=535000$wolBtxobBDPLUk/Y$jICbSSuJChKwVSMacQqdCHgJAUKOU0S.CbWVVA2g.R1')
insert into STUDENT values (10000066, 'student32', 201000000000, 0, 0)
insert into USERS values(10000067, '$5$rounds=535000$uTlgZr.fQwv6LULI$kfu3jX37TLkOykMzytOo0bf0JOKT3NBmZ1CnQjoL8g/')
insert into TECHNICIAN values (10000067, 'tech32', 201000000000, 0)
insert into USERS values(10000068, '$5$rounds=535000$GZqfpvVa/zLlN57m$9Iv1Bi/OljDnUdaTIECH2AoS2wjdh2/LVZ4SmvIM0PC')
insert into STUDENT values (10000068, 'student33', 201000000000, 0, 0)
insert into USERS values(10000069, '$5$rounds=535000$j8ciLOUb11Sch/MV$uOpVSR7dVh6mgJvKOpdL987WmEj9N57cFRYzPRHqgc.')
insert into TECHNICIAN values (10000069, 'tech33', 201000000000, 0)
insert into USERS values(10000070, '$5$rounds=535000$iDf0kfyLZZNAsgrV$Plx35sB8OEStqgOMe2rzVrpNd/TkMGPl1LYPBfupihA')
insert into STUDENT values (10000070, 'student34', 201000000000, 0, 0)
insert into USERS values(10000071, '$5$rounds=535000$Eop7p/kcAkJSM7yB$ML2Bs/c5H/hMByAxnGfl5hwe9OwdNV/gOUyn/pzWfgA')
insert into TECHNICIAN values (10000071, 'tech34', 201000000000, 0)
insert into USERS values(10000072, '$5$rounds=535000$E8FqI3SxOs2Uufqo$aM9yFdaVFEMCm7hL1NHO0EQOIZvoBH/.WXP8Im3Gxw4')
insert into STUDENT values (10000072, 'student35', 201000000000, 0, 0)
insert into USERS values(10000073, '$5$rounds=535000$PXcmTjFugTIJBlG3$is0LpfXQFObgKzJI9oQsqs6hKPkefbTVlqqrfJRegL3')
insert into TECHNICIAN values (10000073, 'tech35', 201000000000, 0)
insert into USERS values(10000074, '$5$rounds=535000$6M/7vGif1eCf5Mu7$RXWpp0ITgPLiACH5n7RrcZFGagd.Xcxfr5cWKoILHWC')
insert into STUDENT values (10000074, 'student36', 201000000000, 0, 0)
insert into USERS values(10000075, '$5$rounds=535000$eNmWLDlcFbIYFfbY$AUlYG9WPV28dSlLTFCuRUd3TNeLJE8lLHU/bE.Ntp48')
insert into TECHNICIAN values (10000075, 'tech36', 201000000000, 0)
insert into USERS values(10000076, '$5$rounds=535000$lTZXhaQEvxRcaSbr$N57qK9SPqm4NPPCMRaU.52Q6YFOSulxjmvQNLFKqOZC')
insert into STUDENT values (10000076, 'student37', 201000000000, 0, 0)
insert into USERS values(10000077, '$5$rounds=535000$/CwanJgTPpw.NmY0$xXDjDwsheOdzZM/48I4X7JuaXIecWyg6T2VDekPao3.')
insert into TECHNICIAN values (10000077, 'tech37', 201000000000, 0)
insert into USERS values(10000078, '$5$rounds=535000$v.0YP2BG5X68ykWv$By6FSGIA5veoUmtK.INQFW.R7fAazOLqAvSX0ZThfdA')
insert into STUDENT values (10000078, 'student38', 201000000000, 0, 0)
insert into USERS values(10000079, '$5$rounds=535000$gMtjxKfmF/7p0GQI$1VRJoaXheGKVq9e3WojYx5jAl1Z3l//a60KgCcgzwE.')
insert into TECHNICIAN values (10000079, 'tech38', 201000000000, 0)
insert into USERS values(10000080, '$5$rounds=535000$fgTZ1TnAarnj0Xf1$P9kR5IkeeHYnOR9ood52oJwHjl8iMz7UIyzaJEjulj2')
insert into STUDENT values (10000080, 'student39', 201000000000, 0, 0)
insert into USERS values(10000081, '$5$rounds=535000$XQhMMC/YTTJAWI3s$fkQVfS0rafgbnF.7lBnIbcmL/65HM3wmBepZOL/wzn3')
insert into TECHNICIAN values (10000081, 'tech39', 201000000000, 0)
insert into USERS values(10000082, '$5$rounds=535000$/Z5N8Or2C1D.b5Vx$u8KIXvgUAEA474b.pAVT4MeGuhn9xJSJptn2.M2xGZ7')
insert into STUDENT values (10000082, 'student40', 201000000000, 0, 0)
insert into USERS values(10000083, '$5$rounds=535000$I3CfoaucVM.QZ27Y$zR6Adpqy06Hk0S1WkMfM5mJaLgNk4mOMhgk6MReorGC')
insert into TECHNICIAN values (10000083, 'tech40', 201000000000, 0)
insert into USERS values(10000084, '$5$rounds=535000$8Zk5iw8diBd/OjPM$9D8RHa1Ptry/fuvYEe5Lx10ntcWsvzZSkOiMC5lu4K6')
insert into STUDENT values (10000084, 'student41', 201000000000, 0, 0)
insert into USERS values(10000085, '$5$rounds=535000$oWEktUYYN6/bP0Ms$byT0AOFvZaueB2SnM7/NIeAEenEMlqgaAhbh.r04A0C')
insert into TECHNICIAN values (10000085, 'tech41', 201000000000, 0)
insert into USERS values(10000086, '$5$rounds=535000$i9hpa9fLt.Kz53W8$SvGJ5rsNhLn1NBaS4Q5Nd6DbMW0qrDE4Nev.V9g.uB0')
insert into STUDENT values (10000086, 'student42', 201000000000, 0, 0)
insert into USERS values(10000087, '$5$rounds=535000$F1YoHCWcFEFLWWU.$o2tLo2d.7cFhrhOYgFrogKMjyZNME2PeA.arFlWAml9')
insert into TECHNICIAN values (10000087, 'tech42', 201000000000, 0)
insert into USERS values(10000088, '$5$rounds=535000$y0sTh2OVYpGqxPi6$O/tCs.TYcYDAdFBqsFsfV09UU.FG1H9SrN4HmKE1PT3')
insert into STUDENT values (10000088, 'student43', 201000000000, 0, 0)
insert into USERS values(10000089, '$5$rounds=535000$6WCWD2cQuwLgbZd1$CGnIt5umUMtjHVIyoSFZUPs7jIdxLtjdGO6beW/jy34')
insert into TECHNICIAN values (10000089, 'tech43', 201000000000, 0)
insert into USERS values(10000090, '$5$rounds=535000$mOP5iGKEXogwKS.e$JNywkTucuGlBl6Ux8ZXPs/kIXOViFACudesQNSuBWN0')
insert into STUDENT values (10000090, 'student44', 201000000000, 0, 0)
insert into USERS values(10000091, '$5$rounds=535000$GF205Z8SM6I1DlWW$jQ1WS7X2M2P4d.XHRXC2asMpEJ06SscNpKLYNgAKCk8')
insert into TECHNICIAN values (10000091, 'tech44', 201000000000, 0)
insert into USERS values(10000092, '$5$rounds=535000$NahyJ4iWfuZe7wK7$p3zmLP4w.9Afi8xPrvBc7zwONAP6JgWfafSwGIsFAvA')
insert into STUDENT values (10000092, 'student45', 201000000000, 0, 0)
insert into USERS values(10000093, '$5$rounds=535000$qVymrRrLQT0F60Zn$60yZSG7a361foIZtSryYk/sZ/B4EEepOTX/K1VvOHU7')
insert into TECHNICIAN values (10000093, 'tech45', 201000000000, 0)
insert into USERS values(10000094, '$5$rounds=535000$HtNED9kNx39kBZ4o$G.47aRigXXsQskxEYP.iukRJ2CKWbqZje6l3KPMThw.')
insert into STUDENT values (10000094, 'student46', 201000000000, 0, 0)
insert into USERS values(10000095, '$5$rounds=535000$Kegp0lykiuHVfJAH$jhCiQRulc0mz0op1TuKPlOX0S8g14ECS49G69JfnDE/')
insert into TECHNICIAN values (10000095, 'tech46', 201000000000, 0)
insert into USERS values(10000096, '$5$rounds=535000$RkJ.6BxRKwhRsy0W$bpoz5JEI2/ksFDScy94UrnhzxB/jCkWJw3Nd4aIz82.')
insert into STUDENT values (10000096, 'student47', 201000000000, 0, 0)
insert into USERS values(10000097, '$5$rounds=535000$dCzY7LxDT6IZ8bzV$7yU6/cmj6zK9TSPHgVLCShoqy.h4wOjjMslTwLm0HC.')
insert into TECHNICIAN values (10000097, 'tech47', 201000000000, 0)
insert into USERS values(10000098, '$5$rounds=535000$kA9Lqm8ML1wTABXO$Hs7vSjdJtYDY98xhHN1DLMSuNP1yremVEqu/mnxc3h5')
insert into STUDENT values (10000098, 'student48', 201000000000, 0, 0)
insert into USERS values(10000099, '$5$rounds=535000$Mnj8NICsMhw5cwXb$X6970hmp0iRwJdg2e2L1oikOgRbK1vrR7JRBOrNtAm2')
insert into TECHNICIAN values (10000099, 'tech48', 201000000000, 0)
insert into USERS values(10000100, '$5$rounds=535000$RX1f7cLzFckD6Xwa$LdzvKtTx8dhtXRczNxjaRaKV2bz/yET5zBuIl/.Xf/8')
insert into STUDENT values (10000100, 'student49', 201000000000, 0, 0)
insert into USERS values(10000101, '$5$rounds=535000$qtNtx4ZwGHrTAdEC$tI1AAZFYPT0vmNYYYvBIXJ2DjVX/8hFjkq8Jja7MHR1')
insert into TECHNICIAN values (10000101, 'tech49', 201000000000, 0)
