insert into PCS(ID,GPU ,CPU ,RAM ) VALUES (50000010,'amd','intel',5)
insert into PCS(ID,GPU ,CPU ,RAM ) VALUES (50000011,'amd','intel',5)
insert into PCS(ID,GPU ,CPU ,RAM ) VALUES (50000012,'amd','intel',5)
insert into PCS(ID,GPU ,CPU ,RAM ) VALUES (50000013,'amd','intel',5)
insert into PCS(ID,GPU ,CPU ,RAM ) VALUES (50000014,'amd','intel',5)
insert into PCS(ID,GPU ,CPU ,RAM ) VALUES (50000015,'amd','intel',5)
insert into PCS(ID,GPU ,CPU ,RAM ) VALUES (50000016,'amd','intel',5)
insert into PCS(ID,GPU ,CPU ,RAM ) VALUES (50000017,'amd','intel',5)
insert into PCS(ID,GPU ,CPU ,RAM ) VALUES (50000018,'amd','intel',5)
insert into PCS(ID,GPU ,CPU ,RAM ) VALUES (50000019,'amd','intel',5)
insert into PCS(ID,GPU ,CPU ,RAM ) VALUES (50000020,'amd','intel',5)
insert into PCS(ID,GPU ,CPU ,RAM ) VALUES (50000021,'amd','intel',5)
insert into PCS(ID,GPU ,CPU ,RAM ) VALUES (50000022,'amd','intel',5)
insert into PCS(ID,GPU ,CPU ,RAM ) VALUES (50000023,'amd','intel',5)
insert into PCS(ID,GPU ,CPU ,RAM ) VALUES (50000024,'amd','intel',5)
insert into PCS(ID,GPU ,CPU ,RAM ) VALUES (50000025,'amd','intel',5)
insert into PCS(ID,GPU ,CPU ,RAM ) VALUES (50000026,'amd','intel',5)
insert into PCS(ID,GPU ,CPU ,RAM ) VALUES (50000027,'amd','intel',5)
insert into PCS(ID,GPU ,CPU ,RAM ) VALUES (50000028,'amd','intel',5)
insert into PCS(ID,GPU ,CPU ,RAM ) VALUES (50000029,'amd','intel',5)
insert into  IC_TYPE(CODE,link ) values('7408','texasinstrument.com')
insert into  IC_TYPE(CODE,link ) values('7408','texasinstrument.com')
insert into  IC_TYPE(CODE,link ) values('7408','texasinstrument.com')
insert into  IC_TYPE(CODE,link ) values('7408','texasinstrument.com')
insert into  IC_TYPE(CODE,link ) values('7408','texasinstrument.com')
insert into ICS(ID,CODE)values( 70000010,'7408')
insert into ICS(ID,CODE)values( 70000011,'7408')
insert into ICS(ID,CODE)values( 70000012,'7408')
insert into ICS(ID,CODE)values( 70000013,'7408')
insert into ICS(ID,CODE)values( 70000014,'7408')
insert into ICS(ID,CODE)values( 70000015,'7408')
insert into ICS(ID,CODE)values( 70000016,'7408')
insert into ICS(ID,CODE)values( 70000017,'7408')
insert into ICS(ID,CODE)values( 70000018,'7408')
insert into ICS(ID,CODE)values( 70000019,'7408')
insert into ICS(ID,CODE)values( 70000020,'7408')
insert into ICS(ID,CODE)values( 70000021,'7408')
insert into ICS(ID,CODE)values( 70000022,'7408')
insert into ICS(ID,CODE)values( 70000023,'7408')
insert into ICS(ID,CODE)values( 70000024,'7408')
insert into ICS(ID,CODE)values( 70000025,'7408')
insert into ICS(ID,CODE)values( 70000026,'7408')
insert into ICS(ID,CODE)values( 70000027,'7408')
insert into ICS(ID,CODE)values( 70000028,'7408')
insert into ICS(ID,CODE)values( 70000029,'7408')
insert into  OS(ID,NAME,LINK ) values(1, 'windows5', 'windows.com ')
insert into  OS(ID,NAME,LINK ) values(2, 'windows6', 'windows.com ')
insert into  OS(ID,NAME,LINK ) values(3, 'windows7', 'windows.com ')
insert into  OS(ID,NAME,LINK ) values(4, 'windows8', 'windows.com ')
insert into  OS(ID,NAME,LINK ) values(5, 'windows9', 'windows.com ')
insert into HAS_OS(PC_ID , OS_ID ) values( 50000010,0)
insert into HAS_OS(PC_ID , OS_ID ) values( 50000011,1)
insert into HAS_OS(PC_ID , OS_ID ) values( 50000012,2)
insert into HAS_OS(PC_ID , OS_ID ) values( 50000013,3)
insert into HAS_OS(PC_ID , OS_ID ) values( 50000014,4)
insert into SOFTWARE(ID,NAME,LINK ) values(1,'visualstudio0','visualstudio.com')
insert into SOFTWARE(ID,NAME,LINK ) values(2,'visualstudio1','visualstudio.com')
insert into SOFTWARE(ID,NAME,LINK ) values(3,'visualstudio2','visualstudio.com')
insert into SOFTWARE(ID,NAME,LINK ) values(4,'visualstudio3','visualstudio.com')
insert into SOFTWARE(ID,NAME,LINK ) values(5,'visualstudio4','visualstudio.com')
insert into  HAS_SOFTWARE(PC_ID , SOFTWARE_ID ) values( 50000010,0)
insert into  HAS_SOFTWARE(PC_ID , SOFTWARE_ID ) values( 50000011,1)
insert into  HAS_SOFTWARE(PC_ID , SOFTWARE_ID ) values( 50000012,2)
insert into  HAS_SOFTWARE(PC_ID , SOFTWARE_ID ) values( 50000013,3)
insert into  HAS_SOFTWARE(PC_ID , SOFTWARE_ID ) values( 50000014,4)



