insert into PCS(ID,GPU ,CPU ,RAM ) VALUES (50000000,'amd','intel',5)
insert into PCS(ID,GPU ,CPU ,RAM ) VALUES (50000001,'amd','intel',5)
insert into PCS(ID,GPU ,CPU ,RAM ) VALUES (50000002,'amd','intel',5)
insert into PCS(ID,GPU ,CPU ,RAM ) VALUES (50000003,'amd','intel',5)
insert into PCS(ID,GPU ,CPU ,RAM ) VALUES (50000004,'amd','intel',5)
insert into ICS(ID,CODE)values( 70000000,'7408')
insert into ICS(ID,CODE)values( 70000001,'7408')
insert into ICS(ID,CODE)values( 70000002,'7408')
insert into ICS(ID,CODE)values( 70000003,'7408')
insert into ICS(ID,CODE)values( 70000004,'7408')
insert into HAS_OS(PC_ID , OS_ID ) values( 50000000,0)
insert into HAS_OS(PC_ID , OS_ID ) values( 50000001,1)
insert into HAS_OS(PC_ID , OS_ID ) values( 50000002,2)
insert into HAS_OS(PC_ID , OS_ID ) values( 50000003,3)
insert into HAS_OS(PC_ID , OS_ID ) values( 50000004,4)
insert into  HAS_SOFTWARE(PC_ID , SOFTWARE_ID ) values( 50000000,0)
insert into  HAS_SOFTWARE(PC_ID , SOFTWARE_ID ) values( 50000001,1)
insert into  HAS_SOFTWARE(PC_ID , SOFTWARE_ID ) values( 50000002,2)
insert into  HAS_SOFTWARE(PC_ID , SOFTWARE_ID ) values( 50000003,3)
insert into  HAS_SOFTWARE(PC_ID , SOFTWARE_ID ) values( 50000004,4)
insert into SOFTWARE(ID,NAME,LINK ) values(1,'visualstudio0','visualstudio.com')
insert into SOFTWARE(ID,NAME,LINK ) values(2,'visualstudio1','visualstudio.com')
insert into SOFTWARE(ID,NAME,LINK ) values(3,'visualstudio2','visualstudio.com')
insert into SOFTWARE(ID,NAME,LINK ) values(4,'visualstudio3','visualstudio.com')
insert into SOFTWARE(ID,NAME,LINK ) values(5,'visualstudio4','visualstudio.com')
insert into  OS(ID,NAME,LINK ) values(1, 'windows5', 'windows.com ')
insert into  OS(ID,NAME,LINK ) values(2, 'windows6', 'windows.com ')
insert into  OS(ID,NAME,LINK ) values(3, 'windows7', 'windows.com ')
insert into  OS(ID,NAME,LINK ) values(4, 'windows8', 'windows.com ')
insert into  OS(ID,NAME,LINK ) values(5, 'windows9', 'windows.com ')
insert into  IC_TYPE(CODE,link ) values('7408','texasinstrument.com')
insert into  IC_TYPE(CODE,link ) values('7408','texasinstrument.com')
insert into  IC_TYPE(CODE,link ) values('7408','texasinstrument.com')
insert into  IC_TYPE(CODE,link ) values('7408','texasinstrument.com')
insert into  IC_TYPE(CODE,link ) values('7408','texasinstrument.com')
